id,predicted
0,29
1,9
2,95
3,26
4,12
5,4
6,48
7,15
8,7
9,3
10,31
11,27
12,30
13,13
14,22
15,30
16,15
17,20
18,5
19,40
20,5
21,66
22,18
23,16
24,8
25,21
26,22
27,17
28,4
29,30
30,23
31,8
32,53
33,5
34,13
35,48
36,26
37,13
38,24
39,22
40,16
41,23
42,15
43,4
44,21
45,2
46,26
47,6
48,6
49,29
50,31
51,94
52,4
53,87
54,2
55,16
56,25
57,89
58,34
59,4
60,3
61,6
62,27
63,27
64,123
65,64
66,27
67,31
68,22
69,70
70,82
71,4
72,17
73,34
74,1
75,32
76,23
77,25
78,6
79,38
80,13
81,14
82,25
83,29
84,22
85,42
86,43
87,6
88,19
89,24
90,48
91,13
92,3
93,5
94,86
95,13
96,5
97,30
98,16
99,13
100,63
101,66
102,17
103,1
104,19
105,31
106,2
107,27
108,98
109,29
110,121
111,33
112,44
113,3
114,31
115,9
116,29
117,28
118,20
119,22
120,29
121,58
122,25
123,14
124,25
125,28
126,23
127,2
128,32
129,4
130,21
131,11
132,116
133,9
134,14
135,7
136,6
137,27
138,24
139,22
140,6
141,4
142,24
143,55
144,23
145,30
146,109
147,26
148,4
149,10
150,6
151,27
152,38
153,7
154,48
155,15
156,3
157,25
158,39
159,15
160,30
161,7
162,28
163,15
164,70
165,4
166,15
167,21
168,33
169,18
170,36
171,16
172,34
173,4
174,12
175,26
176,92
177,7
178,6
179,6
180,3
181,6
182,58
183,42
184,16
185,32
186,70
187,36
188,17
189,5
190,31
191,11
192,5
193,15
194,19
195,9
196,53
197,25
198,6
199,23
200,9
201,4
202,20
203,34
204,35
205,15
206,31
207,6
208,13
209,17
210,28
211,5
212,36
213,24
214,6
215,18
216,9
217,14
218,29
219,99
220,22
221,24
222,25
223,35
224,1
225,59
226,56
227,34
228,20
229,11
230,19
231,24
232,25
233,30
234,30
235,25
236,65
237,26
238,99
239,102
240,26
241,66
242,21
243,39
244,9
245,9
246,13
247,5
248,5
249,129
250,18
251,20
252,32
253,6
254,84
255,25
256,38
257,4
258,21
259,7
260,15
261,30
262,29
263,19
264,20
265,9
266,131
267,26
268,32
269,6
270,102
271,21
272,35
273,2
274,16
275,11
276,28
277,14
278,35
279,140
280,59
281,29
282,10
283,3
284,11
285,32
286,7
287,17
288,10
289,15
290,6
291,42
292,8
293,29
294,32
295,30
296,13
297,59
298,3
299,25
300,6
301,10
302,15
303,4
304,9
305,24
306,16
307,64
308,73
309,7
310,54
311,96
312,18
313,30
314,9
315,3
316,55
317,4
318,5
319,26
320,6
321,23
322,170
323,23
324,16
325,31
326,18
327,6
328,25
329,24
330,27
331,85
332,43
333,15
334,6
335,21
336,22
337,12
338,28
339,4
340,16
341,11
342,106
343,88
344,14
345,23
346,34
347,22
348,34
349,12
350,5
351,33
352,4
353,18
354,19
355,12
356,15
357,20
358,105
359,63
360,7
361,7
362,21
363,89
364,30
365,16
366,36
367,22
368,17
369,20
370,4
371,67
372,19
373,22
374,4
375,93
376,44
377,30
378,4
379,20
380,44
381,34
382,23
383,19
384,28
385,2
386,6
387,27
388,22
389,24
390,156
391,23
392,22
393,35
394,78
395,16
396,26
397,62
398,2
399,9
400,15
401,3
402,4
403,27
404,33
405,3
406,62
407,30
408,10
409,44
410,9
411,20
412,9
413,22
414,26
415,14
416,5
417,38
418,9
419,22
420,6
421,5
422,12
423,66
424,43
425,18
426,14
427,30
428,16
429,21
430,5
431,40
432,9
433,28
434,5
435,63
436,26
437,36
438,64
439,15
440,31
441,31
442,9
443,25
444,13
445,27
446,25
447,2
448,16
449,27
450,3
451,66
452,4
453,9
454,20
455,19
456,6
457,14
458,8
459,17
460,29
461,6
462,3
463,26
464,16
465,69
466,62
467,43
468,11
469,4
470,32
471,12
472,22
473,11
474,26
475,32
476,10
477,7
478,31
479,42
480,21
481,30
482,41
483,4
484,58
485,10
486,32
487,39
488,58
489,25
490,17
491,13
492,31
493,11
494,29
495,3
496,28
497,24
498,51
499,20
500,38
501,25
502,17
503,4
504,2
505,23
506,25
507,15
508,6
509,88
510,94
511,7
512,74
513,12
514,13
515,12
516,63
517,8
518,16
519,92
520,86
521,50
522,38
523,20
524,25
525,5
526,12
527,10
528,17
529,24
530,13
531,36
532,154
533,36
534,26
535,7
536,22
537,63
538,45
539,82
540,57
541,4
542,29
543,14
544,4
545,66
546,24
547,33
548,10
549,18
550,52
551,26
552,33
553,19
554,57
555,23
556,19
557,30
558,17
559,24
560,10
561,29
562,20
563,36
564,22
565,36
566,7
567,36
568,14
569,18
570,28
571,44
572,7
573,4
574,134
575,54
576,33
577,6
578,33
579,38
580,19
581,14
582,6
583,37
584,15
585,0
586,27
587,8
588,29
589,4
590,19
591,38
592,99
593,27
594,22
595,28
596,9
597,97
598,26
599,13
600,57
601,19
602,72
603,8
604,11
605,4
606,15
607,13
608,10
609,30
610,57
611,80
612,6
613,22
614,11
615,24
616,16
617,10
618,48
619,38
620,41
621,7
622,13
623,16
624,20
625,26
626,17
627,13
628,2
629,11
630,25
631,16
632,6
633,39
634,23
635,11
636,2
637,6
638,25
639,42
640,10
641,17
642,14
643,35
644,7
645,19
646,21
647,106
648,22
649,20
650,23
651,86
652,4
653,30
654,81
655,33
656,24
657,19
658,27
659,23
660,6
661,28
662,10
663,17
664,7
665,7
666,16
667,42
668,28
669,67
670,9
671,31
672,86
673,37
674,17
675,24
676,13
677,3
678,2
679,7
680,78
681,12
682,18
683,60
684,11
685,5
686,33
687,7
688,13
689,18
690,15
691,29
692,21
693,5
694,9
695,18
696,6
697,18
698,13
699,13
700,19
701,5
702,28
703,30
704,27
705,8
706,39
707,14
708,30
709,14
710,0
711,18
712,25
713,28
714,5
715,24
716,5
717,3
718,98
719,27
720,23
721,31
722,8
723,61
724,30
725,31
726,4
727,22
728,2
729,14
730,14
731,25
732,19
733,5
734,2
735,23
736,21
737,15
738,44
739,41
740,9
741,20
742,8
743,33
744,33
745,11
746,29
747,5
748,34
749,17
750,22
751,6
752,16
753,37
754,16
755,25
756,10
757,32
758,23
759,14
760,97
761,10
762,11
763,40
764,7
765,28
766,37
767,12
768,17
769,19
770,5
771,6
772,6
773,121
774,7
775,6
776,14
777,4
778,33
779,29
780,56
781,24
782,16
783,47
784,66
785,18
786,20
787,20
788,8
789,10
790,77
791,46
792,18
793,63
794,17
795,21
796,10
797,22
798,11
799,39
800,15
801,21
802,8
803,12
804,3
805,63
806,25
807,12
808,13
809,4
810,104
811,55
812,6
813,67
814,16
815,8
816,8
817,6
818,31
819,11
820,26
821,14
822,4
823,23
824,19
825,30
826,10
827,20
828,7
829,7
830,32
831,25
832,19
833,19
834,28
835,7
836,14
837,25
838,19
839,35
840,17
841,28
842,9
843,13
844,31
845,32
846,28
847,5
848,15
849,12
850,13
851,37
852,21
853,87
854,5
855,29
856,26
857,21
858,23
859,23
860,16
861,22
862,18
863,71
864,31
865,6
866,3
867,2
868,15
869,3
870,29
871,6
872,30
873,23
874,26
875,17
876,28
877,14
878,69
879,6
880,64
881,12
882,9
883,23
884,4
885,72
886,5
887,30
888,13
889,51
890,109
891,21
892,25
893,3
894,39
895,95
896,33
897,10
898,16
899,13
900,23
901,19
902,11
903,46
904,4
905,30
906,32
907,21
908,19
909,33
910,24
911,33
912,5
913,2
914,8
915,85
916,15
917,54
918,28
919,23
920,25
921,6
922,27
923,17
924,3
925,30
926,15
927,6
928,34
929,6
930,6
931,10
932,8
933,30
934,24
935,30
936,14
937,10
938,27
939,23
940,14
941,22
942,11
943,4
944,8
945,31
946,30
947,22
948,19
949,19
950,8
951,46
952,21
953,28
954,71
955,10
956,18
957,5
958,4
959,39
960,30
961,62
962,17
963,17
964,40
965,15
966,6
967,101
968,25
969,6
970,62
971,77
972,17
973,21
974,31
975,51
976,40
977,27
978,30
979,14
980,7
981,18
982,22
983,6
984,1
985,7
986,22
987,0
988,63
989,9
990,11
991,35
992,32
993,44
994,25
995,3
996,12
997,28
998,19
999,5
1000,42
1001,25
1002,14
1003,73
1004,16
1005,21
1006,116
1007,42
1008,8
1009,21
1010,102
1011,6
1012,18
1013,25
1014,19
1015,23
1016,42
1017,28
1018,24
1019,80
1020,7
1021,19
1022,14
1023,42
1024,18
1025,27
1026,36
1027,26
1028,22
1029,50
1030,32
1031,3
1032,6
1033,67
1034,11
1035,30
1036,34
1037,2
1038,12
1039,74
1040,4
1041,5
1042,23
1043,33
1044,50
1045,4
1046,94
1047,35
1048,17
1049,38
1050,13
1051,35
1052,13
1053,5
1054,54
1055,37
1056,6
1057,64
1058,47
1059,6
1060,28
1061,28
1062,21
1063,17
1064,19
1065,10
1066,31
1067,15
1068,20
1069,12
1070,32
1071,20
1072,36
1073,9
1074,9
1075,14
1076,30
1077,146
1078,3
1079,8
1080,5
1081,62
1082,36
1083,9
1084,37
1085,6
1086,28
1087,58
1088,16
1089,28
1090,13
1091,48
1092,8
1093,28
1094,18
1095,62
1096,12
1097,37
1098,84
1099,43
1100,14
1101,66
1102,20
1103,5
1104,46
1105,51
1106,32
1107,22
1108,109
1109,5
1110,3
1111,84
1112,33
1113,6
1114,17
1115,4
1116,9
1117,2
1118,20
1119,54
1120,12
1121,54
1122,30
1123,94
1124,29
1125,6
1126,63
1127,22
1128,36
1129,35
1130,18
1131,29
1132,65
1133,25
1134,10
1135,6
1136,22
1137,52
1138,37
1139,4
1140,12
1141,17
1142,14
1143,11
1144,14
1145,26
1146,10
1147,12
1148,9
1149,21
1150,32
1151,58
1152,17
1153,11
1154,4
1155,18
1156,31
1157,63
1158,1
1159,5
1160,22
1161,39
1162,38
1163,30
1164,22
1165,14
1166,83
1167,33
1168,36
1169,5
1170,55
1171,108
1172,9
1173,42
1174,40
1175,7
1176,89
1177,23
1178,101
1179,24
1180,32
1181,59
1182,6
1183,9
1184,16
1185,61
1186,18
1187,38
1188,7
1189,124
1190,15
1191,9
1192,45
1193,21
1194,19
1195,16
1196,3
1197,5
1198,4
1199,69
1200,34
1201,5
1202,20
1203,4
1204,10
1205,29
1206,12
1207,4
1208,20
1209,5
1210,50
1211,18
1212,16
1213,64
1214,7
1215,28
1216,31
1217,37
1218,10
1219,35
1220,5
1221,6
1222,34
1223,8
1224,16
1225,63
1226,6
1227,15
1228,35
1229,6
1230,65
1231,20
1232,19
1233,11
1234,15
1235,31
1236,139
1237,12
1238,19
1239,26
1240,24
1241,6
1242,11
1243,18
1244,156
1245,15
1246,13
1247,25
1248,114
1249,29
1250,37
1251,51
1252,22
1253,41
1254,5
1255,18
1256,8
1257,29
1258,3
1259,61
1260,27
1261,24
1262,11
1263,111
1264,42
1265,24
1266,26
1267,24
1268,18
1269,39
1270,5
1271,30
1272,31
1273,21
1274,10
1275,28
1276,46
1277,22
1278,68
1279,14
1280,25
1281,24
1282,3
1283,5
1284,19
1285,3
1286,7
1287,5
1288,17
1289,21
1290,25
1291,16
1292,101
1293,49
1294,10
1295,20
1296,8
1297,8
1298,30
1299,29
1300,14
1301,22
1302,18
1303,38
1304,43
1305,97
1306,30
1307,5
1308,11
1309,5
1310,10
1311,5
1312,13
1313,4
1314,42
1315,15
1316,17
1317,33
1318,46
1319,6
1320,72
1321,22
1322,24
1323,16
1324,5
1325,7
1326,13
1327,13
1328,4
1329,16
1330,94
1331,21
1332,6
1333,29
1334,102
1335,21
1336,36
1337,24
1338,18
1339,111
1340,8
1341,30
1342,5
1343,26
1344,15
1345,35
1346,90
1347,5
1348,28
1349,33
1350,15
1351,5
1352,5
1353,26
1354,6
1355,5
1356,15
1357,28
1358,85
1359,26
1360,16
1361,27
1362,33
1363,36
1364,6
1365,18
1366,5
1367,4
1368,26
1369,14
1370,28
1371,4
1372,102
1373,1
1374,33
1375,35
1376,38
1377,49
1378,36
1379,18
1380,5
1381,6
1382,2
1383,16
1384,24
1385,30
1386,32
1387,7
1388,62
1389,15
1390,22
1391,7
1392,34
1393,45
1394,35
1395,31
1396,16
1397,36
1398,7
1399,39
1400,4
1401,2
1402,6
1403,86
1404,96
1405,7
1406,5
1407,3
1408,11
1409,23
1410,20
1411,21
1412,18
1413,5
1414,17
1415,11
1416,15
1417,13
1418,37
1419,1
1420,26
1421,3
1422,27
1423,18
1424,53
1425,37
1426,28
1427,80
1428,29
1429,74
1430,38
1431,7
1432,4
1433,6
1434,36
1435,4
1436,25
1437,14
1438,24
1439,9
1440,158
1441,6
1442,39
1443,13
1444,13
1445,18
1446,8
1447,12
1448,31
1449,46
1450,24
1451,29
1452,1
1453,19
1454,23
1455,7
1456,47
1457,19
1458,42
1459,29
1460,41
1461,106
1462,65
1463,21
1464,27
1465,22
1466,17
1467,28
1468,25
1469,68
1470,15
1471,10
1472,16
1473,32
1474,1
1475,8
1476,6
1477,26
1478,56
1479,12
1480,11
1481,42
1482,21
1483,14
1484,8
1485,44
1486,11
1487,18
1488,86
1489,13
1490,36
1491,4
1492,27
1493,8
1494,2
1495,8
1496,14
1497,12
1498,14
1499,50
1500,12
1501,79
1502,36
1503,69
1504,7
1505,7
1506,3
1507,4
1508,43
1509,12
1510,5
1511,2
1512,11
1513,3
1514,7
1515,11
1516,5
1517,40
1518,7
1519,57
1520,31
1521,6
1522,4
1523,29
1524,22
1525,65
1526,9
1527,16
1528,12
1529,18
1530,1
1531,48
1532,11
1533,33
1534,14
1535,28
1536,20
1537,9
1538,73
1539,19
1540,42
1541,24
1542,28
1543,73
1544,25
1545,26
1546,5
1547,30
1548,97
1549,13
1550,25
1551,27
1552,3
1553,23
1554,31
1555,16
1556,38
1557,21
1558,21
1559,27
1560,7
1561,3
1562,13
1563,25
1564,28
1565,23
1566,12
1567,16
1568,57
1569,16
1570,16
1571,46
1572,57
1573,24
1574,36
1575,13
1576,3
1577,30
1578,24
1579,32
1580,6
1581,19
1582,9
1583,78
1584,5
1585,27
1586,13
1587,74
1588,8
1589,7
1590,70
1591,56
1592,5
1593,22
1594,37
1595,5
1596,17
1597,15
1598,6
1599,9
1600,24
1601,19
1602,86
1603,46
1604,101
1605,12
1606,15
1607,28
1608,14
1609,49
1610,18
1611,21
1612,28
1613,21
1614,8
1615,12
1616,45
1617,63
1618,35
1619,30
1620,9
1621,17
1622,39
1623,46
1624,33
1625,26
1626,29
1627,21
1628,115
1629,18
1630,15
1631,6
1632,37
1633,26
1634,28
1635,46
1636,10
1637,33
1638,37
1639,19
1640,29
1641,30
1642,35
1643,6
1644,16
1645,28
1646,38
1647,34
1648,8
1649,4
1650,31
1651,22
1652,15
1653,40
1654,19
1655,13
1656,18
1657,4
1658,21
1659,11
1660,3
1661,27
1662,14
1663,42
1664,31
1665,19
1666,32
1667,9
1668,12
1669,42
1670,10
1671,7
1672,17
1673,22
1674,4
1675,2
1676,16
1677,19
1678,40
1679,5
1680,3
1681,16
1682,38
1683,136
1684,33
1685,25
1686,14
1687,66
1688,7
1689,65
1690,15
1691,22
1692,6
1693,16
1694,10
1695,11
1696,4
1697,16
1698,23
1699,9
1700,2
1701,27
1702,45
1703,47
1704,32
1705,19
1706,6
1707,97
1708,8
1709,2
1710,10
1711,15
1712,24
1713,80
1714,22
1715,94
1716,162
1717,6
1718,28
1719,6
1720,2
1721,40
1722,11
1723,33
1724,26
1725,14
1726,70
1727,30
1728,22
1729,20
1730,17
1731,18
1732,35
1733,4
1734,13
1735,21
1736,44
1737,23
1738,63
1739,14
1740,16
1741,49
1742,6
1743,49
1744,23
1745,11
1746,30
1747,4
1748,24
1749,6
1750,20
1751,46
1752,21
1753,18
1754,68
1755,2
1756,33
1757,42
1758,19
1759,39
1760,2
1761,25
1762,11
1763,57
1764,33
1765,17
1766,21
1767,3
1768,24
1769,13
1770,103
1771,47
1772,99
1773,6
1774,56
1775,3
1776,43
1777,81
1778,33
1779,29
1780,18
1781,3
1782,70
1783,36
1784,17
1785,9
1786,8
1787,44
1788,6
1789,30
1790,5
1791,25
1792,22
1793,4
1794,69
1795,29
1796,52
1797,38
1798,17
1799,4
1800,13
1801,20
1802,62
1803,4
1804,24
1805,25
1806,14
1807,32
1808,16
1809,5
1810,26
1811,19
1812,29
1813,20
1814,18
1815,18
1816,14
1817,29
1818,41
1819,15
1820,42
1821,4
1822,9
1823,28
1824,69
1825,7
1826,18
1827,41
1828,31
1829,67
1830,14
1831,13
1832,24
1833,34
1834,20
1835,28
1836,5
1837,66
1838,29
1839,3
1840,6
1841,20
1842,13
1843,61
1844,20
1845,69
1846,74
1847,25
1848,23
1849,16
1850,12
1851,12
1852,5
1853,82
1854,14
1855,4
1856,8
1857,27
1858,130
1859,8
1860,61
1861,110
1862,3
1863,2
1864,29
1865,39
1866,27
1867,18
1868,21
1869,14
1870,24
1871,88
1872,11
1873,15
1874,28
1875,16
1876,23
1877,33
1878,26
1879,56
1880,49
1881,30
1882,20
1883,30
1884,18
1885,27
1886,3
1887,26
1888,16
1889,23
1890,14
1891,16
1892,68
1893,2
1894,28
1895,14
1896,190
1897,24
1898,16
1899,22
1900,6
1901,47
1902,11
1903,13
1904,14
1905,135
1906,61
1907,66
1908,24
1909,31
1910,20
1911,7
1912,36
1913,15
1914,19
1915,14
1916,28
1917,21
1918,32
1919,16
1920,10
1921,5
1922,35
1923,21
1924,13
1925,59
1926,3
1927,17
1928,71
1929,5
1930,9
1931,34
1932,17
1933,15
1934,30
1935,70
1936,14
1937,23
1938,6
1939,14
1940,31
1941,58
1942,15
1943,8
1944,38
1945,13
1946,20
1947,44
1948,39
1949,19
1950,50
1951,17
1952,22
1953,23
1954,54
1955,25
1956,23
1957,20
1958,87
1959,25
1960,15
1961,4
1962,16
1963,101
1964,7
1965,30
1966,19
1967,72
1968,30
1969,14
1970,5
1971,32
1972,16
1973,39
1974,38
1975,49
1976,30
1977,30
1978,33
1979,14
1980,24
1981,23
1982,20
1983,5
1984,14
1985,3
1986,4
1987,46
1988,29
1989,18
1990,14
1991,5
1992,22
1993,70
1994,6
1995,25
1996,27
1997,65
1998,37
1999,9
2000,20
2001,34
2002,3
2003,7
2004,6
2005,15
2006,38
2007,19
2008,13
2009,40
2010,28
2011,28
2012,4
2013,20
2014,24
2015,44
2016,21
2017,42
2018,47
2019,4
2020,63
2021,10
2022,18
2023,30
2024,16
2025,4
2026,25
2027,66
2028,17
2029,29
2030,11
2031,7
2032,19
2033,8
2034,51
2035,22
2036,31
2037,15
2038,6
2039,9
2040,30
2041,41
2042,2
2043,17
2044,8
2045,2
2046,74
2047,12
2048,30
2049,52
2050,18
2051,42
2052,3
2053,15
2054,54
2055,26
2056,22
2057,19
2058,141
2059,6
2060,23
2061,52
2062,71
2063,23
2064,9
2065,24
2066,23
2067,49
2068,62
2069,7
2070,26
2071,16
2072,10
2073,18
2074,4
2075,7
2076,5
2077,16
2078,25
2079,3
2080,27
2081,103
2082,33
2083,2
2084,37
2085,63
2086,22
2087,21
2088,21
2089,4
2090,13
2091,60
2092,19
2093,1
2094,134
2095,8
2096,21
2097,19
2098,18
2099,8
2100,8
2101,63
2102,15
2103,12
2104,48
2105,25
2106,28
2107,50
2108,24
2109,62
2110,29
2111,1
2112,29
2113,19
2114,31
2115,72
2116,6
2117,13
2118,64
2119,57
2120,129
2121,36
2122,20
2123,36
2124,7
2125,7
2126,10
2127,7
2128,23
2129,6
2130,103
2131,15
2132,47
2133,21
2134,19
2135,53
2136,4
2137,35
2138,13
2139,1
2140,4
2141,26
2142,10
2143,14
2144,30
2145,5
2146,32
2147,17
2148,12
2149,6
2150,76
2151,5
2152,20
2153,3
2154,12
2155,7
2156,18
2157,70
2158,34
2159,14
2160,33
2161,5
2162,33
2163,100
2164,47
2165,15
2166,28
2167,107
2168,114
2169,5
2170,15
2171,30
2172,34
2173,11
2174,33
2175,31
2176,25
2177,7
2178,25
2179,36
2180,22
2181,8
2182,10
2183,186
2184,20
2185,3
2186,12
2187,14
2188,58
2189,26
2190,60
2191,21
2192,68
2193,149
2194,11
2195,11
2196,64
2197,10
2198,80
2199,33
2200,62
2201,9
2202,17
2203,32
2204,25
2205,20
2206,6
2207,4
2208,1
2209,33
2210,27
2211,36
2212,23
2213,27
2214,18
2215,42
2216,14
2217,26
2218,19
2219,33
2220,55
2221,7
2222,7
2223,49
2224,32
2225,4
2226,23
2227,71
2228,46
2229,6
2230,22
2231,26
2232,40
2233,69
2234,15
2235,13
2236,27
2237,17
2238,28
2239,25
2240,6
2241,27
2242,16
2243,4
2244,25
2245,18
2246,4
2247,10
2248,26
2249,14
2250,21
2251,18
2252,9
2253,60
2254,75
2255,58
2256,25
2257,78
2258,179
2259,18
2260,26
2261,24
2262,2
2263,8
2264,29
2265,7
2266,30
2267,31
2268,72
2269,26
2270,4
2271,6
2272,7
2273,22
2274,3
2275,22
2276,4
2277,69
2278,91
2279,7
2280,29
2281,27
2282,12
2283,84
2284,21
2285,12
2286,14
2287,20
2288,25
2289,16
2290,28
2291,4
2292,18
2293,27
2294,11
2295,21
2296,52
2297,28
2298,8
2299,16
2300,12
2301,11
2302,18
2303,15
2304,23
2305,17
2306,17
2307,11
2308,24
2309,47
2310,4
2311,28
2312,24
2313,12
2314,20
2315,14
2316,6
2317,25
2318,7
2319,24
2320,32
2321,3
2322,18
2323,26
2324,7
2325,26
2326,15
2327,28
2328,34
2329,2
2330,13
2331,33
2332,6
2333,25
2334,12
2335,22
2336,23
2337,18
2338,4
2339,4
2340,29
2341,26
2342,20
2343,14
2344,15
2345,4
2346,9
2347,0
2348,25
2349,3
2350,11
2351,14
2352,27
2353,82
2354,15
2355,16
2356,23
2357,53
2358,27
2359,15
2360,23
2361,13
2362,2
2363,10
2364,29
2365,45
2366,6
2367,17
2368,21
2369,15
2370,32
2371,46
2372,27
2373,113
2374,3
2375,66
2376,9
2377,72
2378,8
2379,11
2380,28
2381,32
2382,24
2383,37
2384,30
2385,31
2386,68
2387,14
2388,47
2389,10
2390,32
2391,30
2392,30
2393,4
2394,13
2395,50
2396,10
2397,35
2398,22
2399,6
2400,97
2401,6
2402,46
2403,22
2404,23
2405,20
2406,45
2407,13
2408,5
2409,12
2410,21
2411,21
2412,21
2413,24
2414,24
2415,29
2416,10
2417,24
2418,34
2419,36
2420,21
2421,5
2422,99
2423,39
2424,2
2425,17
2426,24
2427,15
2428,12
2429,6
2430,19
2431,14
2432,28
2433,32
2434,46
2435,20
2436,12
2437,23
2438,33
2439,52
2440,4
2441,35
2442,19
2443,26
2444,5
2445,27
2446,18
2447,17
2448,98
2449,10
2450,28
2451,31
2452,9
2453,16
2454,39
2455,10
2456,9
2457,27
2458,21
2459,108
2460,27
2461,27
2462,112
2463,3
2464,6
2465,29
2466,21
2467,19
2468,5
2469,10
2470,27
2471,31
2472,21
2473,140
2474,7
2475,33
2476,72
2477,14
2478,4
2479,39
2480,14
2481,35
2482,26
2483,14
2484,22
2485,4
2486,7
2487,26
2488,34
2489,5
2490,3
2491,111
2492,26
2493,130
2494,7
2495,42
2496,5
2497,25
2498,4
2499,91
2500,27
2501,3
2502,10
2503,30
2504,50
2505,24
2506,30
2507,19
2508,24
2509,59
2510,40
2511,12
2512,27
2513,37
2514,37
2515,7
2516,9
2517,4
2518,11
2519,82
2520,14
2521,60
2522,138
2523,16
2524,8
2525,50
2526,70
2527,56
2528,11
2529,20
2530,40
2531,21
2532,13
2533,15
2534,13
2535,19
2536,2
2537,24
2538,21
2539,33
2540,64
2541,75
2542,5
2543,14
2544,36
2545,24
2546,51
2547,14
2548,37
2549,3
2550,29
2551,38
2552,23
2553,26
2554,27
2555,10
2556,11
2557,7
2558,14
2559,12
2560,35
2561,4
2562,25
2563,65
2564,5
2565,39
2566,26
2567,25
2568,33
2569,14
2570,12
2571,14
2572,18
2573,12
2574,41
2575,15
2576,6
2577,7
2578,4
2579,4
2580,9
2581,65
2582,28
2583,19
2584,5
2585,32
2586,75
2587,11
2588,22
2589,47
2590,42
2591,30
2592,80
2593,10
2594,3
2595,90
2596,32
2597,105
2598,6
2599,12
2600,23
2601,31
2602,7
2603,23
2604,37
2605,33
2606,5
2607,74
2608,9
2609,20
2610,66
2611,33
2612,26
2613,23
2614,50
2615,99
2616,30
2617,32
2618,25
2619,44
2620,22
2621,85
2622,15
2623,8
2624,21
2625,23
2626,89
2627,68
2628,29
2629,51
2630,58
2631,2
2632,31
2633,44
2634,5
2635,30
2636,2
2637,17
2638,5
2639,10
2640,4
2641,18
2642,27
2643,32
2644,101
2645,113
2646,30
2647,34
2648,29
2649,39
2650,12
2651,20
2652,19
2653,21
2654,25
2655,59
2656,15
2657,58
2658,25
2659,74
2660,65
2661,59
2662,23
2663,25
2664,19
2665,23
2666,65
2667,6
2668,27
2669,61
2670,29
2671,4
2672,33
2673,15
2674,9
2675,17
2676,8
2677,18
2678,10
2679,65
2680,23
2681,7
2682,36
2683,38
2684,6
2685,13
2686,35
2687,105
2688,36
2689,28
2690,9
2691,35
2692,18
2693,19
2694,64
2695,53
2696,77
2697,46
2698,67
2699,21
2700,16
2701,19
2702,25
2703,90
2704,104
2705,35
2706,4
2707,29
2708,12
2709,2
2710,78
2711,4
2712,7
2713,7
2714,24
2715,11
2716,5
2717,7
2718,10
2719,5
2720,17
2721,32
2722,70
2723,6
2724,4
2725,4
2726,30
2727,5
2728,41
2729,6
2730,28
2731,11
2732,27
2733,48
2734,7
2735,32
2736,7
2737,44
2738,15
2739,32
2740,20
2741,74
2742,15
2743,53
2744,2
2745,4
2746,61
2747,21
2748,16
2749,18
2750,44
2751,57
2752,5
2753,14
2754,95
2755,14
2756,13
2757,31
2758,32
2759,24
2760,3
2761,69
2762,14
2763,25
2764,7
2765,7
2766,16
2767,23
2768,32
2769,4
2770,20
2771,67
2772,10
2773,50
2774,3
2775,3
2776,61
2777,102
2778,20
2779,31
2780,7
2781,1
2782,133
2783,35
2784,6
2785,10
2786,35
2787,11
2788,5
2789,5
2790,18
2791,2
2792,28
2793,12
2794,21
2795,12
2796,23
2797,16
2798,71
2799,11
2800,73
2801,111
2802,5
2803,54
2804,33
2805,4
2806,40
2807,5
2808,29
2809,6
2810,5
2811,34
2812,23
2813,10
2814,25
2815,4
2816,33
2817,27
2818,29
2819,108
2820,3
2821,25
2822,0
2823,10
2824,3
2825,95
2826,32
2827,25
2828,15
2829,21
2830,16
2831,21
2832,27
2833,17
2834,19
2835,14
2836,26
2837,65
2838,10
2839,43
2840,25
2841,25
2842,18
2843,40
2844,82
2845,58
2846,27
2847,15
2848,19
2849,37
2850,3
2851,104
2852,80
2853,10
2854,35
2855,15
2856,31
2857,44
2858,0
2859,15
2860,5
2861,6
2862,18
2863,20
2864,13
2865,4
2866,23
2867,54
2868,36
2869,29
2870,15
2871,9
2872,21
2873,6
2874,6
2875,18
2876,38
2877,19
2878,16
2879,5
2880,12
2881,0
2882,25
2883,4
2884,3
2885,3
2886,70
2887,19
2888,21
2889,65
2890,31
2891,17
2892,3
2893,3
2894,23
2895,4
2896,30
2897,40
2898,80
2899,10
2900,17
2901,23
2902,24
2903,23
2904,2
2905,10
2906,30
2907,20
2908,9
2909,45
2910,24
2911,31
2912,29
2913,15
2914,11
2915,51
2916,27
2917,44
2918,33
2919,3
2920,15
2921,12
2922,14
2923,40
2924,34
2925,31
2926,17
2927,11
2928,64
2929,37
2930,30
2931,23
2932,10
2933,39
2934,1
2935,76
2936,3
2937,24
2938,24
2939,7
2940,3
2941,18
2942,40
2943,28
2944,10
2945,36
2946,15
2947,29
2948,71
2949,12
2950,46
2951,20
2952,7
2953,151
2954,45
2955,6
2956,11
2957,10
2958,32
2959,6
2960,33
2961,24
2962,66
2963,6
2964,17
2965,72
2966,7
2967,20
2968,33
2969,39
2970,18
2971,3
2972,8
2973,15
2974,22
2975,6
2976,24
2977,10
2978,75
2979,17
2980,31
2981,4
2982,38
2983,49
2984,27
2985,28
2986,111
2987,55
2988,54
2989,4
2990,53
2991,21
2992,6
2993,42
2994,8
2995,104
2996,9
2997,11
2998,5
2999,40
3000,26
3001,25
3002,19
3003,30
3004,28
3005,28
3006,16
3007,5
3008,10
3009,29
3010,27
3011,16
3012,64
3013,70
3014,29
3015,10
3016,4
3017,116
3018,89
3019,26
3020,7
3021,7
3022,28
3023,8
3024,22
3025,7
3026,157
3027,36
3028,63
3029,55
3030,36
3031,31
3032,21
3033,4
3034,20
3035,10
3036,16
3037,30
3038,11
3039,15
3040,8
3041,3
3042,21
3043,20
3044,33
3045,20
3046,94
3047,12
3048,19
3049,9
3050,23
3051,55
3052,8
3053,11
3054,19
3055,15
3056,11
3057,19
3058,10
3059,105
3060,10
3061,36
3062,119
3063,20
3064,27
3065,25
3066,23
3067,5
3068,17
3069,7
3070,11
3071,3
3072,113
3073,7
3074,45
3075,37
3076,16
3077,4
3078,34
3079,46
3080,7
3081,18
3082,24
3083,31
3084,21
3085,13
3086,15
3087,24
3088,4
3089,25
3090,30
3091,26
3092,4
3093,14
3094,35
3095,3
3096,11
3097,31
3098,30
3099,3
3100,28
3101,3
3102,13
3103,33
3104,48
3105,7
3106,8
3107,23
3108,49
3109,6
3110,4
3111,9
3112,9
3113,5
3114,98
3115,18
3116,15
3117,11
3118,3
3119,32
3120,8
3121,12
3122,29
3123,2
3124,42
3125,14
3126,43
3127,10
3128,37
3129,54
3130,53
3131,7
3132,34
3133,30
3134,2
3135,40
3136,19
3137,29
3138,11
3139,26
3140,26
3141,35
3142,27
3143,14
3144,49
3145,59
3146,27
3147,22
3148,13
3149,11
3150,15
3151,26
3152,27
3153,24
3154,13
3155,12
3156,3
3157,7
3158,28
3159,15
3160,25
3161,75
3162,24
3163,24
3164,40
3165,65
3166,30
3167,4
3168,16
3169,24
3170,33
3171,33
3172,92
3173,121
3174,18
3175,16
3176,19
3177,12
3178,14
3179,17
3180,19
3181,11
3182,18
3183,26
3184,37
3185,30
3186,16
3187,7
3188,20
3189,31
3190,21
3191,37
3192,6
3193,2
3194,29
3195,57
3196,67
3197,99
3198,18
3199,28
3200,17
3201,4
3202,18
3203,2
3204,29
3205,55
3206,65
3207,37
3208,7
3209,29
3210,6
3211,77
3212,17
3213,5
3214,24
3215,4
3216,34
3217,48
3218,15
3219,30
3220,32
3221,5
3222,109
3223,52
3224,5
3225,10
3226,22
3227,16
3228,16
3229,3
3230,5
3231,11
3232,22
3233,37
3234,27
3235,27
3236,31
3237,28
3238,72
3239,24
3240,4
3241,7
3242,21
3243,25
3244,0
3245,17
3246,7
3247,15
3248,67
3249,80
3250,8
3251,15
3252,33
3253,25
3254,7
3255,70
3256,35
3257,11
3258,26
3259,59
3260,6
3261,6
3262,3
3263,17
3264,35
3265,33
3266,9
3267,3
3268,31
3269,68
3270,19
3271,39
3272,6
3273,26
3274,3
3275,21
3276,36
3277,37
3278,4
3279,1
3280,18
3281,24
3282,21
3283,18
3284,29
3285,10
3286,6
3287,21
3288,35
3289,54
3290,24
3291,24
3292,31
3293,56
3294,5
3295,19
3296,73
3297,11
3298,27
3299,23
3300,3
3301,21
3302,15
3303,11
3304,12
3305,79
3306,9
3307,26
3308,9
3309,35
3310,64
3311,24
3312,31
3313,26
3314,12
3315,7
3316,7
3317,11
3318,24
3319,61
3320,26
3321,96
3322,6
3323,12
3324,8
3325,54
3326,10
3327,26
3328,16
3329,5
3330,4
3331,5
3332,67
3333,84
3334,53
3335,69
3336,7
3337,26
3338,54
3339,24
3340,41
3341,19
3342,25
3343,59
3344,19
3345,23
3346,16
3347,5
3348,42
3349,71
3350,39
3351,23
3352,18
3353,11
3354,4
3355,71
3356,6
3357,21
3358,29
3359,23
3360,24
3361,19
3362,7
3363,2
3364,14
3365,13
3366,7
3367,19
3368,25
3369,49
3370,22
3371,11
3372,15
3373,26
3374,38
3375,67
3376,25
3377,13
3378,15
3379,18
3380,32
3381,29
3382,22
3383,24
3384,4
3385,15
3386,7
3387,64
3388,22
3389,29
3390,19
3391,17
3392,6
3393,19
3394,2
3395,4
3396,41
3397,3
3398,25
3399,32
3400,17
3401,18
3402,35
3403,11
3404,16
3405,4
3406,17
3407,22
3408,38
3409,31
3410,12
3411,22
3412,21
3413,28
3414,27
3415,33
3416,12
3417,44
3418,9
3419,14
3420,27
3421,59
3422,81
3423,13
3424,12
3425,6
3426,29
3427,26
3428,4
3429,23
3430,15
3431,12
3432,13
3433,14
3434,89
3435,13
3436,26
3437,19
3438,28
3439,5
3440,20
3441,6
3442,4
3443,20
3444,10
3445,7
3446,11
3447,56
3448,38
3449,23
3450,26
3451,2
3452,57
3453,44
3454,3
3455,3
3456,29
3457,9
3458,39
3459,41
3460,5
3461,24
3462,23
3463,17
3464,5
3465,30
3466,34
3467,3
3468,42
3469,16
3470,3
3471,17
3472,22
3473,18
3474,39
3475,3
3476,59
3477,26
3478,26
3479,77
3480,14
3481,2
3482,5
3483,12
3484,60
3485,22
3486,6
3487,10
3488,5
3489,10
3490,18
3491,16
3492,4
3493,2
3494,53
3495,16
3496,7
3497,15
3498,8
3499,32
3500,109
3501,29
3502,30
3503,9
3504,25
3505,28
3506,10
3507,24
3508,28
3509,14
3510,18
3511,26
3512,9
3513,52
3514,29
3515,12
3516,21
3517,15
3518,13
3519,10
3520,8
3521,34
3522,33
3523,14
3524,23
3525,13
3526,0
3527,5
3528,70
3529,71
3530,23
3531,8
3532,33
3533,2
3534,5
3535,22
3536,25
3537,87
3538,82
3539,28
3540,46
3541,41
3542,11
3543,47
3544,12
3545,28
3546,27
3547,44
3548,28
3549,68
3550,17
3551,9
3552,28
3553,5
3554,5
3555,66
3556,130
3557,3
3558,3
3559,5
3560,35
3561,71
3562,37
3563,15
3564,40
3565,22
3566,24
3567,89
3568,22
3569,4
3570,25
3571,10
3572,20
3573,26
3574,17
3575,83
3576,6
3577,7
3578,24
3579,26
3580,27
3581,37
3582,11
3583,11
3584,33
3585,5
3586,4
3587,14
3588,11
3589,110
3590,11
3591,8
3592,11
3593,26
3594,16
3595,38
3596,11
3597,79
3598,27
3599,25
3600,5
3601,34
3602,3
3603,7
3604,31
3605,33
3606,13
3607,45
3608,18
3609,54
3610,21
3611,5
3612,22
3613,18
3614,14
3615,21
3616,15
3617,14
3618,31
3619,10
3620,51
3621,32
3622,0
3623,8
3624,18
3625,28
3626,5
3627,4
3628,18
3629,3
3630,4
3631,67
3632,39
3633,45
3634,8
3635,9
3636,8
3637,11
3638,13
3639,28
3640,23
3641,26
3642,4
3643,10
3644,4
3645,22
3646,18
3647,10
3648,53
3649,50
3650,24
3651,27
3652,29
3653,21
3654,5
3655,13
3656,6
3657,16
3658,29
3659,3
3660,5
3661,10
3662,5
3663,22
3664,27
3665,22
3666,40
3667,31
3668,8
3669,33
3670,30
3671,2
3672,9
3673,117
3674,9
3675,10
3676,70
3677,41
3678,13
3679,26
3680,38
3681,9
3682,25
3683,52
3684,7
3685,42
3686,49
3687,28
3688,31
3689,22
3690,30
3691,3
3692,31
3693,19
3694,34
3695,6
3696,31
3697,17
3698,46
3699,64
3700,26
3701,19
3702,36
3703,13
3704,18
3705,14
3706,22
3707,40
3708,2
3709,5
3710,14
3711,15
3712,40
3713,7
3714,51
3715,12
3716,6
3717,24
3718,11
3719,28
3720,11
3721,20
3722,29
3723,27
3724,102
3725,49
3726,14
3727,40
3728,12
3729,75
3730,38
3731,33
3732,15
3733,9
3734,28
3735,21
3736,44
3737,53
3738,36
3739,18
3740,85
3741,75
3742,71
3743,16
3744,57
3745,18
3746,10
3747,36
3748,42
3749,17
3750,13
3751,6
3752,16
3753,59
3754,186
3755,14
3756,8
3757,19
3758,20
3759,4
3760,28
3761,3
3762,10
3763,21
3764,6
3765,21
3766,11
3767,27
3768,17
3769,84
3770,11
3771,8
3772,7
3773,78
3774,70
3775,3
3776,25
3777,34
3778,6
3779,38
3780,95
3781,13
3782,0
3783,58
3784,57
3785,28
3786,120
3787,16
3788,11
3789,53
3790,38
3791,22
3792,7
3793,21
3794,10
3795,30
3796,25
3797,24
3798,7
3799,7
3800,13
3801,60
3802,33
3803,63
3804,12
3805,30
3806,3
3807,16
3808,9
3809,71
3810,13
3811,90
3812,8
3813,4
3814,33
3815,14
3816,24
3817,13
3818,8
3819,5
3820,5
3821,14
3822,94
3823,25
3824,21
3825,29
3826,40
3827,7
3828,21
3829,4
3830,43
3831,12
3832,54
3833,57
3834,10
3835,32
3836,22
3837,3
3838,7
3839,12
3840,9
3841,20
3842,8
3843,65
3844,5
3845,37
3846,113
3847,30
3848,17
3849,69
3850,5
3851,5
3852,12
3853,8
3854,16
3855,67
3856,27
3857,26
3858,9
3859,18
3860,14
3861,11
3862,72
3863,125
3864,10
3865,49
3866,13
3867,38
3868,25
3869,22
3870,18
3871,27
3872,10
3873,15
3874,31
3875,28
3876,14
3877,15
3878,6
3879,15
3880,62
3881,9
3882,7
3883,31
3884,15
3885,17
3886,39
3887,12
3888,20
3889,29
3890,23
3891,7
3892,32
3893,4
3894,5
3895,26
3896,10
3897,39
3898,17
3899,45
3900,47
3901,32
3902,20
3903,10
3904,51
3905,15
3906,63
3907,26
3908,38
3909,43
3910,85
3911,37
3912,27
3913,34
3914,5
3915,23
3916,26
3917,37
3918,3
3919,21
3920,25
3921,16
3922,13
3923,23
3924,3
3925,7
3926,38
3927,2
3928,26
3929,3
3930,32
3931,10
3932,2
3933,22
3934,20
3935,1
3936,34
3937,2
3938,3
3939,114
3940,7
3941,12
3942,35
3943,5
3944,9
3945,23
3946,3
3947,14
3948,35
3949,31
3950,21
3951,4
3952,43
3953,3
3954,2
3955,21
3956,60
3957,29
3958,23
3959,19
3960,31
3961,30
3962,6
3963,3
3964,18
3965,31
3966,28
3967,5
3968,74
3969,12
3970,2
3971,3
3972,68
3973,9
3974,13
3975,5
3976,50
3977,5
3978,29
3979,21
3980,5
3981,31
3982,12
3983,14
3984,20
3985,15
3986,35
3987,14
3988,43
3989,61
3990,17
3991,25
3992,14
3993,6
3994,7
3995,7
3996,24
3997,27
3998,54
3999,26
4000,5
4001,16
4002,53
4003,14
4004,79
4005,19
4006,2
4007,26
4008,111
4009,13
4010,51
4011,62
4012,70
4013,26
4014,46
4015,92
4016,11
4017,63
4018,108
4019,17
4020,7
4021,8
4022,38
4023,24
4024,23
4025,29
4026,107
4027,26
4028,29
4029,26
4030,16
4031,20
4032,5
4033,62
4034,59
4035,24
4036,21
4037,16
4038,104
4039,3
4040,72
4041,10
4042,28
4043,26
4044,19
4045,11
4046,22
4047,15
4048,38
4049,17
4050,7
4051,19
4052,30
4053,24
4054,18
4055,72
4056,21
4057,12
4058,26
4059,24
4060,19
4061,15
4062,66
4063,55
4064,9
4065,17
4066,67
4067,9
4068,24
4069,21
4070,31
4071,19
4072,64
4073,26
4074,18
4075,101
4076,4
4077,3
4078,30
4079,5
4080,16
4081,5
4082,40
4083,25
4084,103
4085,35
4086,22
4087,16
4088,17
4089,28
4090,9
4091,25
4092,7
4093,12
4094,30
4095,16
4096,18
4097,28
4098,16
4099,26
4100,37
4101,34
4102,16
4103,27
4104,5
4105,3
4106,17
4107,4
4108,16
4109,17
4110,13
4111,39
4112,17
4113,26
4114,36
4115,28
4116,23
4117,1
4118,35
4119,21
4120,4
4121,27
4122,25
4123,14
4124,5
4125,23
4126,111
4127,25
4128,5
4129,6
4130,29
4131,17
4132,7
4133,7
4134,35
4135,18
4136,31
4137,27
4138,28
4139,11
4140,5
4141,43
4142,32
4143,11
4144,54
4145,3
4146,38
4147,4
4148,24
4149,18
4150,20
4151,23
4152,7
4153,18
4154,35
4155,24
4156,31
4157,27
4158,15
4159,4
4160,28
4161,29
4162,40
4163,29
4164,68
4165,17
4166,12
4167,34
4168,19
4169,27
4170,9
4171,16
4172,41
4173,17
4174,21
4175,13
4176,31
4177,7
4178,18
4179,28
4180,11
4181,3
4182,10
4183,8
4184,4
4185,14
4186,22
4187,3
4188,21
4189,8
4190,8
4191,114
4192,5
4193,117
4194,13
4195,2
4196,27
4197,16
4198,13
4199,9
4200,19
4201,6
4202,28
4203,17
4204,17
4205,34
4206,115
4207,17
4208,21
4209,23
4210,26
4211,19
4212,13
4213,26
4214,2
4215,3
4216,9
4217,16
4218,6
4219,8
4220,16
4221,28
4222,35
4223,34
4224,5
4225,35
4226,48
4227,7
4228,14
4229,3
4230,41
4231,30
4232,6
4233,9
4234,35
4235,20
4236,17
4237,35
4238,21
4239,31
4240,19
4241,71
4242,23
4243,35
4244,5
4245,17
4246,26
4247,27
4248,5
4249,43
4250,21
4251,6
4252,6
4253,3
4254,18
4255,3
4256,10
4257,10
4258,33
4259,25
4260,22
4261,15
4262,19
4263,3
4264,64
4265,8
4266,7
4267,78
4268,11
4269,65
4270,33
4271,102
4272,11
4273,17
4274,32
4275,4
4276,99
4277,7
4278,25
4279,18
4280,26
4281,2
4282,35
4283,18
4284,13
4285,13
4286,25
4287,7
4288,10
4289,25
4290,27
4291,35
4292,15
4293,103
4294,41
4295,22
4296,9
4297,10
4298,100
4299,4
4300,15
4301,32
4302,35
4303,12
4304,22
4305,58
